{
  "code": "200",
  "data": {
    "bpsReadSeries": [
      [1.39477608E+12, 0],
      [1.39477614E+12, 0.0018],
      [1.3947762E+12, 0],
      [1.39477626E+12, 0.00060],
      [1.39477632E+12, 0],
      [1.39477638E+12, 0],
      [1.39477644E+12, 0.0089],
      [1.3947765E+12, 0.0016],
      [1.39477656E+12, 0],
      [1.39477662E+12, 0.00070],
      [1.39477668E+12, 0],
      [1.39477674E+12, 0.00030],
      [1.3947768E+12, 0.0015],
      [1.39477686E+12, 0],
      [1.39477692E+12, 0.00050],
      [1.39477698E+12, 0.00090],
      [1.39477704E+12, 0.00010],
      [1.3947771E+12, 0],
      [1.39477716E+12, 0.00040],
      [1.39477722E+12, 0.00010],
      [1.39477728E+12, 0.00010],
      [1.39477734E+12, 0.0021],
      [1.3947774E+12, 0],
      [1.39477746E+12, 0],
      [1.39477752E+12, 0.0019],
      [1.39477758E+12, 0.00050],
      [1.39477764E+12, 0.00090],
      [1.3947777E+12, 0.0024],
      [1.39477776E+12, 0.00030]
    ],
    "bpsWriteSeries": [
      [1.39477608E+12, 0.0661],
      [1.39477614E+12, 0.0658],
      [1.3947762E+12, 0.0656],
      [1.39477626E+12, 0.065],
      [1.39477632E+12, 0.0581],
      [1.39477638E+12, 0.0691],
      [1.39477644E+12, 0.0648],
      [1.3947765E+12, 0.0688],
      [1.39477656E+12, 0.0546],
      [1.39477662E+12, 0.0658],
      [1.39477668E+12, 0.0621],
      [1.39477674E+12, 0.0641],
      [1.3947768E+12, 0.059],
      [1.39477686E+12, 0.0668],
      [1.39477692E+12, 0.0653],
      [1.39477698E+12, 0.0633],
      [1.39477704E+12, 0.057],
      [1.3947771E+12, 0.0654],
      [1.39477716E+12, 0.0647],
      [1.39477722E+12, 0.0598],
      [1.39477728E+12, 0.0596],
      [1.39477734E+12, 0.0617],
      [1.3947774E+12, 0.0466],
      [1.39477746E+12, 0.0767],
      [1.39477752E+12, 0.0594],
      [1.39477758E+12, 0.0653],
      [1.39477764E+12, 0.0631],
      [1.3947777E+12, 0.0581],
      [1.39477776E+12, 0.0625]
    ],
    "cpuSeries": [
      [1.39477608E+12, 20],
      [1.39477614E+12, 23],
      [1.3947762E+12, 21],
      [1.39477626E+12, 22],
      [1.39477632E+12, 20],
      [1.39477638E+12, 21],
      [1.39477644E+12, 23],
      [1.3947765E+12, 21],
      [1.39477656E+12, 19],
      [1.39477662E+12, 19],
      [1.39477668E+12, 21],
      [1.39477674E+12, 22],
      [1.3947768E+12, 20],
      [1.39477686E+12, 24],
      [1.39477692E+12, 21],
      [1.39477698E+12, 20],
      [1.39477704E+12, 20],
      [1.3947771E+12, 20],
      [1.39477716E+12, 20],
      [1.39477722E+12, 19],
      [1.39477728E+12, 20],
      [1.39477734E+12, 20],
      [1.3947774E+12, 17],
      [1.39477746E+12, 24],
      [1.39477752E+12, 24],
      [1.39477758E+12, 19],
      [1.39477764E+12, 21],
      [1.3947777E+12, 19],
      [1.39477776E+12, 18]
    ],
    "flowRxSeries": [
      [1.39477608E+12, 80.9333],
      [1.39477614E+12, 88.8],
      [1.3947762E+12, 80.5333],
      [1.39477626E+12, 113.4667],
      [1.39477632E+12, 78.1333],
      [1.39477638E+12, 84.8],
      [1.39477644E+12, 124.2667],
      [1.3947765E+12, 97.3333],
      [1.39477656E+12, 142.4],
      [1.39477662E+12, 192.5333],
      [1.39477668E+12, 103.6],
      [1.39477674E+12, 101.6],
      [1.3947768E+12, 138.2667],
      [1.39477686E+12, 155.6],
      [1.39477692E+12, 90.5333],
      [1.39477698E+12, 91.0667],
      [1.39477704E+12, 78.5333],
      [1.3947771E+12, 88.2667],
      [1.39477716E+12, 103.3333],
      [1.39477722E+12, 111.7333],
      [1.39477728E+12, 105.2],
      [1.39477734E+12, 116.2667],
      [1.3947774E+12, 99.0667],
      [1.39477746E+12, 89.4667],
      [1.39477752E+12, 101.4667],
      [1.39477758E+12, 75.0667],
      [1.39477764E+12, 110.1333],
      [1.3947777E+12, 70.9333],
      [1.39477776E+12, 86.2667]
    ],
    "flowTxSeries": [
      [1.39477608E+12, 355.8667],
      [1.39477614E+12, 404.5333],
      [1.3947762E+12, 378.6667],
      [1.39477626E+12, 395.4667],
      [1.39477632E+12, 353.4667],
      [1.39477638E+12, 383.7333],
      [1.39477644E+12, 435.8667],
      [1.3947765E+12, 368.5333],
      [1.39477656E+12, 340.8],
      [1.39477662E+12, 334.2667],
      [1.39477668E+12, 364.2667],
      [1.39477674E+12, 423.4667],
      [1.3947768E+12, 344.4],
      [1.39477686E+12, 424.1333],
      [1.39477692E+12, 358.1333],
      [1.39477698E+12, 348.2667],
      [1.39477704E+12, 362.2667],
      [1.3947771E+12, 364.9333],
      [1.39477716E+12, 349.6],
      [1.39477722E+12, 340.2667],
      [1.39477728E+12, 349.3333],
      [1.39477734E+12, 357.2],
      [1.3947774E+12, 287.7333],
      [1.39477746E+12, 404],
      [1.39477752E+12, 412],
      [1.39477758E+12, 318.1333],
      [1.39477764E+12, 385.6],
      [1.3947777E+12, 304.6667],
      [1.39477776E+12, 315.4667]
    ]
  },
  "message": "successful",
  "success": true
}